model,params,tr_params,learning_rate,batch,accuracy_(Tr),accuracy_(Va),precision_(Va),recall_(Va),accuracy_(Te),precision_(Te),recall_(Te),time_(s)
mobilenetv3_large_100,4214842,12810,0.001,64,0.9570258261594,94.8218262806236,0.9365215387295468,0.0,94.8218262806236,0.9365215387295468,0.0,1233.5678730010986
shufflenet_v2_x1_0,1261804,8200,0.001,64,0.8989169675090253,92.0935412026726,0.9060383792801197,0.8814497618840745,92.0935412026726,0.9060383792801197,0.8814497618840744,1179.2364437580109
efficientnetv2_rw_s,22162640,14344,0.001,64,0.934670924743127,92.20489977728283,0.8931997572971998,,92.20489977728283,0.8931997572971997,,3732.35426402092
swin_tiny_patch4_window7_224,27525506,6152,0.001,64,0.9641766176062204,96.49220489977728,0.957767134555476,0.9464054893390408,96.49220489977728,0.957767134555476,0.9464054893390408,4743.281582117081
vit_tiny_patch16_224,5525960,1544,0.001,64,0.897528464315468,91.70378619153676,0.9025035319448976,0.8800100510751496,91.70378619153676,0.9025035319448974,0.8800100510751496,1549.2730267047882
mobilevit-small,4942760,5128,0.001,64,0.9051652318800332,91.25835189309576,0.8921006626864331,0.8758535679914802,91.25835189309576,0.8921006626864331,0.8758535679914802,2306.5555107593536
vgg16,134293320,32776,0.001,64,0.957095251319078,92.0935412026726,0.8969561142727698,0.8880798690441171,92.0935412026726,0.8969561142727698,0.8880798690441171,4211.26239490509
resnet50,23524424,16392,0.001,64,0.9198139405720632,92.03786191536749,0.904549900410415,0.8873022746804116,92.03786191536749,0.9045499004104152,0.8873022746804115,2368.932201862335
alexnet,57036616,32776,0.001,64,0.8889197445154123,92.20489977728285,0.9020363961396554,0.8795004545424799,92.20489977728285,0.9020363961396554,0.8795004545424798,1047.5060992240906
